word,afinn_score,bing_sentiment,anger,anticipation,disgust,fear,joy,negative,positive,sadness,surprise,trust
absentee,-1,negative,NA,NA,NA,NA,NA,negative,NA,sadness,NA,NA
abuse,-3,negative,anger,NA,disgust,fear,NA,negative,NA,sadness,NA,NA
accidental,-2,negative,NA,NA,NA,fear,NA,negative,NA,NA,surprise,NA
accomplish,2,positive,NA,NA,NA,NA,joy,NA,positive,NA,NA,NA
accomplished,2,positive,NA,NA,NA,NA,joy,NA,positive,NA,NA,NA
accusation,-2,negative,anger,NA,disgust,NA,NA,negative,NA,NA,NA,NA
accusing,-2,negative,anger,NA,NA,fear,NA,negative,NA,NA,NA,NA
ache,-2,negative,NA,NA,NA,NA,NA,negative,NA,sadness,NA,NA
aching,-2,negative,NA,NA,NA,NA,NA,negative,NA,sadness,NA,NA
admire,3,positive,NA,NA,NA,NA,NA,NA,positive,NA,NA,trust
adorable,3,positive,NA,NA,NA,NA,joy,NA,positive,NA,NA,NA
adore,3,positive,NA,anticipation,NA,NA,joy,NA,positive,NA,NA,trust
advanced,1,positive,NA,NA,NA,NA,NA,NA,positive,NA,NA,NA
advantage,2,positive,NA,NA,NA,NA,NA,NA,positive,NA,NA,NA
adventurous,2,positive,NA,NA,NA,NA,NA,NA,positive,NA,NA,NA
affection,3,positive,NA,NA,NA,NA,joy,NA,positive,NA,NA,trust
afraid,-2,negative,NA,NA,NA,fear,NA,negative,NA,NA,NA,NA
aggravating,-2,negative,anger,NA,NA,NA,NA,negative,NA,sadness,NA,NA
aggression,-2,negative,anger,NA,NA,fear,NA,negative,NA,NA,NA,NA
aggressive,-2,negative,anger,NA,NA,fear,NA,negative,NA,NA,NA,NA
aghast,-2,negative,NA,NA,disgust,fear,NA,negative,NA,NA,surprise,NA
agonizing,-3,negative,NA,NA,NA,fear,NA,negative,NA,NA,NA,NA
agreeable,2,positive,NA,NA,NA,NA,NA,NA,positive,NA,NA,trust
alarm,-2,negative,NA,NA,NA,fear,NA,negative,NA,NA,surprise,NA
alienation,-2,negative,anger,NA,disgust,fear,NA,negative,NA,sadness,NA,NA
amaze,2,positive,NA,NA,NA,NA,NA,NA,NA,NA,surprise,NA
amuse,3,positive,NA,NA,NA,NA,joy,NA,positive,NA,NA,NA
anger,-3,negative,anger,NA,NA,NA,NA,negative,NA,NA,NA,NA
angry,-3,negative,anger,NA,disgust,NA,NA,negative,NA,NA,NA,NA
anguish,-3,negative,anger,NA,NA,fear,NA,negative,NA,sadness,NA,NA
animosity,-2,negative,anger,NA,disgust,fear,NA,negative,NA,sadness,NA,NA
annoy,-2,negative,anger,NA,disgust,NA,NA,negative,NA,NA,NA,NA
annoyance,-2,negative,anger,NA,disgust,NA,NA,negative,NA,NA,NA,NA
annoying,-2,negative,anger,NA,NA,NA,NA,negative,NA,NA,NA,NA
antagonistic,-2,negative,anger,NA,disgust,NA,NA,negative,NA,NA,NA,NA
anxiety,-2,negative,anger,anticipation,NA,fear,NA,negative,NA,sadness,NA,NA
anxious,-2,negative,NA,anticipation,NA,fear,NA,negative,NA,NA,NA,NA
apathetic,-3,negative,NA,NA,NA,NA,NA,negative,NA,sadness,NA,NA
apathy,-3,negative,NA,NA,NA,NA,NA,negative,NA,sadness,NA,NA
appalling,-2,negative,NA,NA,disgust,fear,NA,negative,NA,NA,NA,NA
apprehensive,-2,negative,NA,anticipation,NA,fear,NA,negative,NA,NA,NA,NA
approval,2,positive,NA,NA,NA,NA,NA,NA,positive,NA,NA,NA
ardent,1,positive,NA,anticipation,NA,NA,joy,NA,positive,NA,NA,NA
arrogant,-2,negative,anger,NA,disgust,NA,NA,negative,NA,NA,NA,NA
ashamed,-2,negative,NA,NA,disgust,NA,NA,negative,NA,sadness,NA,NA
attack,-1,negative,anger,NA,NA,fear,NA,negative,NA,NA,NA,NA
attraction,2,positive,NA,NA,NA,NA,NA,NA,positive,NA,NA,NA
award,3,positive,NA,anticipation,NA,NA,joy,NA,positive,NA,surprise,trust
awful,-3,negative,anger,NA,disgust,fear,NA,negative,NA,sadness,NA,NA
bad,-3,negative,anger,NA,disgust,fear,NA,negative,NA,sadness,NA,NA
badly,-3,negative,NA,NA,NA,NA,NA,negative,NA,sadness,NA,NA
banish,-1,negative,anger,NA,disgust,fear,NA,negative,NA,sadness,NA,NA
bankrupt,-3,negative,NA,NA,NA,fear,NA,negative,NA,sadness,NA,NA
bargain,2,positive,NA,NA,NA,NA,NA,NA,positive,NA,NA,trust
bastard,-5,negative,NA,NA,disgust,NA,NA,negative,NA,sadness,NA,NA
beautiful,3,positive,NA,NA,NA,NA,joy,NA,positive,NA,NA,NA
beautify,3,positive,NA,NA,NA,NA,joy,NA,positive,NA,NA,NA
belittle,-2,negative,anger,NA,disgust,fear,NA,negative,NA,sadness,NA,NA
benefit,2,positive,NA,NA,NA,NA,NA,NA,positive,NA,NA,NA
betray,-3,negative,anger,NA,disgust,NA,NA,negative,NA,sadness,surprise,NA
betrayal,-3,negative,anger,NA,disgust,NA,NA,negative,NA,sadness,NA,NA
bias,-1,negative,anger,NA,NA,NA,NA,negative,NA,NA,NA,NA
biased,-2,negative,NA,NA,NA,NA,NA,negative,NA,NA,NA,NA
bitch,-5,negative,anger,NA,disgust,fear,NA,negative,NA,sadness,NA,NA
bitterly,-2,negative,anger,NA,disgust,NA,NA,negative,NA,sadness,NA,NA
bizarre,-2,negative,NA,NA,NA,NA,NA,negative,NA,NA,surprise,NA
blame,-2,negative,anger,NA,disgust,NA,NA,negative,NA,NA,NA,NA
bless,2,positive,NA,anticipation,NA,NA,joy,NA,positive,NA,NA,trust
blessing,3,positive,NA,anticipation,NA,NA,joy,NA,positive,NA,NA,trust
bliss,3,positive,NA,NA,NA,NA,joy,NA,positive,NA,NA,NA
blissful,3,positive,NA,NA,NA,NA,joy,NA,positive,NA,NA,NA
bloody,-3,negative,anger,NA,disgust,fear,NA,negative,NA,sadness,NA,NA
bomb,-1,negative,anger,NA,NA,fear,NA,negative,NA,sadness,surprise,NA
bore,-2,negative,NA,NA,NA,NA,NA,negative,NA,NA,NA,NA
boring,-3,negative,NA,NA,NA,NA,NA,negative,NA,NA,NA,NA
bother,-2,negative,NA,NA,NA,NA,NA,negative,NA,NA,NA,NA
boycott,-2,negative,NA,NA,NA,NA,NA,negative,NA,NA,NA,NA
brilliant,4,positive,NA,anticipation,NA,NA,joy,NA,positive,NA,NA,trust
broke,-1,negative,NA,NA,NA,fear,NA,negative,NA,sadness,NA,NA
broken,-1,negative,anger,NA,NA,fear,NA,negative,NA,sadness,NA,NA
bully,-2,negative,anger,NA,NA,fear,NA,negative,NA,NA,NA,NA
calm,2,positive,NA,NA,NA,NA,NA,NA,positive,NA,NA,NA
cancer,-1,negative,anger,NA,disgust,fear,NA,negative,NA,sadness,NA,NA
casualty,-2,negative,anger,NA,NA,fear,NA,negative,NA,sadness,NA,NA
catastrophe,-3,negative,anger,NA,disgust,fear,NA,negative,NA,sadness,surprise,NA
celebrated,3,positive,NA,anticipation,NA,NA,joy,NA,positive,NA,NA,NA
chagrin,-2,negative,NA,NA,disgust,NA,NA,negative,NA,sadness,NA,NA
chaos,-2,negative,anger,NA,NA,fear,NA,negative,NA,sadness,NA,NA
chaotic,-2,negative,anger,NA,NA,NA,NA,negative,NA,NA,NA,NA
charm,3,positive,NA,NA,NA,NA,NA,NA,positive,NA,NA,NA
charming,3,positive,NA,NA,NA,NA,NA,NA,positive,NA,NA,NA
cheat,-3,negative,anger,NA,disgust,NA,NA,negative,NA,NA,NA,NA
cheer,2,positive,NA,anticipation,NA,NA,joy,NA,positive,NA,surprise,trust
cheerful,2,positive,NA,NA,NA,NA,joy,NA,positive,NA,surprise,NA
cheery,3,positive,NA,anticipation,NA,NA,joy,NA,positive,NA,NA,NA
cherish,2,positive,NA,anticipation,NA,NA,joy,NA,positive,NA,surprise,trust
childish,-2,negative,NA,NA,NA,NA,NA,negative,NA,NA,NA,NA
choke,-2,negative,anger,NA,NA,NA,NA,negative,NA,sadness,NA,NA
clash,-2,negative,anger,NA,NA,NA,NA,negative,NA,NA,NA,NA
clean,2,positive,NA,NA,NA,NA,joy,NA,positive,NA,NA,trust
clever,2,positive,NA,NA,NA,NA,NA,NA,positive,NA,NA,NA
collapse,-2,negative,NA,NA,disgust,fear,NA,negative,NA,sadness,NA,NA
comfort,2,positive,NA,anticipation,NA,NA,joy,NA,positive,NA,NA,trust
commend,2,positive,NA,NA,NA,NA,NA,NA,positive,NA,NA,NA
compassionate,2,positive,NA,NA,NA,NA,NA,NA,positive,NA,NA,NA
complain,-2,negative,anger,NA,NA,NA,NA,negative,NA,sadness,NA,NA
comprehensive,2,positive,NA,NA,NA,NA,NA,NA,positive,NA,NA,NA
condemn,-2,negative,anger,NA,NA,NA,NA,negative,NA,NA,NA,NA
condemnation,-2,negative,anger,anticipation,disgust,fear,NA,negative,NA,sadness,NA,NA
confidence,2,positive,NA,NA,NA,fear,joy,NA,positive,NA,NA,trust
confident,2,positive,NA,NA,NA,NA,joy,NA,positive,NA,NA,trust
conflict,-2,negative,anger,NA,NA,fear,NA,negative,NA,sadness,NA,NA
conflicting,-2,negative,NA,NA,NA,NA,NA,negative,NA,NA,NA,NA
confuse,-2,negative,NA,NA,NA,NA,NA,negative,NA,NA,NA,NA
conspiracy,-3,negative,NA,NA,NA,fear,NA,NA,NA,NA,NA,NA
contagious,-1,negative,NA,NA,disgust,fear,NA,negative,NA,NA,NA,NA
contempt,-2,negative,anger,NA,disgust,fear,NA,negative,NA,NA,NA,NA
contemptuous,-2,negative,anger,NA,NA,NA,NA,negative,NA,NA,NA,NA
contentious,-2,negative,anger,NA,disgust,fear,NA,negative,NA,NA,NA,NA
controversial,-2,negative,anger,NA,NA,NA,NA,negative,NA,NA,NA,NA
cool,1,positive,NA,NA,NA,NA,NA,NA,positive,NA,NA,NA
courage,2,positive,NA,NA,NA,NA,NA,NA,positive,NA,NA,NA
courageous,2,positive,NA,NA,NA,fear,NA,NA,positive,NA,NA,NA
courteous,2,positive,NA,NA,NA,NA,NA,NA,positive,NA,NA,NA
coward,-2,negative,NA,NA,disgust,fear,NA,negative,NA,sadness,NA,NA
cowardly,-2,negative,NA,NA,NA,fear,NA,negative,NA,NA,NA,NA
cramp,-1,negative,NA,anticipation,NA,NA,NA,negative,NA,NA,NA,NA
crap,-3,negative,NA,NA,disgust,NA,NA,negative,NA,NA,NA,NA
crash,-2,negative,NA,NA,NA,fear,NA,negative,NA,sadness,surprise,NA
crazy,-2,negative,anger,NA,NA,fear,NA,negative,NA,sadness,NA,NA
creative,2,positive,NA,NA,NA,NA,NA,NA,positive,NA,NA,NA
crime,-3,negative,anger,NA,NA,NA,NA,negative,NA,NA,NA,NA
criminal,-3,negative,anger,NA,disgust,fear,NA,negative,NA,NA,NA,NA
crisis,-3,negative,NA,NA,NA,NA,NA,negative,NA,NA,NA,NA
critic,-2,negative,NA,NA,NA,NA,NA,negative,NA,NA,NA,NA
criticism,-2,negative,anger,NA,NA,NA,NA,negative,NA,sadness,NA,NA
criticize,-2,negative,anger,NA,disgust,fear,NA,negative,NA,sadness,NA,NA
cruel,-3,negative,anger,NA,disgust,fear,NA,negative,NA,sadness,NA,NA
cruelty,-3,negative,anger,NA,disgust,fear,NA,negative,NA,sadness,NA,NA
crushed,-2,negative,anger,NA,disgust,fear,NA,negative,NA,sadness,NA,NA
crushing,-1,negative,anger,NA,disgust,fear,NA,negative,NA,NA,NA,NA
cry,-1,negative,NA,NA,NA,NA,NA,negative,NA,sadness,NA,NA
curse,-1,negative,anger,NA,disgust,fear,NA,negative,NA,sadness,NA,NA
cute,2,positive,NA,NA,NA,NA,NA,NA,positive,NA,NA,NA
damage,-3,negative,anger,NA,disgust,NA,NA,negative,NA,sadness,NA,NA
damages,-3,negative,NA,NA,NA,NA,NA,negative,NA,sadness,NA,NA
damn,-4,negative,anger,NA,disgust,NA,NA,negative,NA,NA,NA,NA
damned,-4,negative,NA,NA,NA,NA,NA,negative,NA,NA,NA,NA
danger,-2,negative,NA,NA,NA,fear,NA,negative,NA,sadness,NA,NA
daring,2,positive,NA,NA,NA,NA,NA,NA,positive,NA,NA,NA
darkness,-1,negative,anger,NA,NA,fear,NA,negative,NA,sadness,NA,NA
deadlock,-2,negative,NA,NA,NA,NA,NA,negative,NA,NA,NA,NA
death,-2,negative,anger,anticipation,disgust,fear,NA,negative,NA,sadness,surprise,NA
debt,-2,negative,NA,NA,NA,NA,NA,negative,NA,sadness,NA,NA
deceit,-3,negative,anger,NA,disgust,fear,NA,negative,NA,sadness,surprise,NA
deceitful,-3,negative,NA,NA,disgust,NA,NA,negative,NA,sadness,NA,NA
deceive,-3,negative,anger,NA,disgust,NA,NA,negative,NA,sadness,NA,NA
deceiving,-3,negative,NA,NA,NA,NA,NA,negative,NA,NA,NA,trust
deception,-3,negative,NA,NA,NA,NA,NA,negative,NA,NA,NA,NA
defeated,-2,positive,NA,NA,NA,NA,NA,negative,NA,sadness,NA,NA
defect,-3,negative,anger,NA,NA,NA,NA,negative,NA,NA,NA,NA
defender,2,positive,NA,NA,NA,NA,NA,NA,positive,NA,NA,trust
defiant,-1,negative,anger,NA,NA,NA,NA,negative,NA,NA,NA,NA
degrade,-2,negative,NA,NA,disgust,NA,NA,negative,NA,NA,NA,NA
delay,-1,negative,anger,NA,disgust,fear,NA,negative,NA,sadness,NA,NA
delayed,-1,negative,NA,NA,NA,NA,NA,negative,NA,NA,NA,NA
delight,3,positive,NA,anticipation,NA,NA,joy,NA,positive,NA,NA,NA
delighted,3,positive,NA,anticipation,NA,NA,joy,NA,positive,NA,surprise,NA
denied,-2,negative,NA,NA,NA,NA,NA,negative,NA,sadness,NA,NA
denounce,-2,negative,anger,NA,disgust,NA,NA,negative,NA,NA,NA,NA
deny,-2,negative,anger,NA,NA,NA,NA,negative,NA,NA,NA,NA
denying,-2,negative,NA,anticipation,NA,NA,NA,negative,NA,NA,NA,NA
depressed,-2,negative,anger,NA,NA,fear,NA,negative,NA,sadness,NA,NA
depressing,-2,negative,NA,NA,disgust,NA,NA,negative,NA,sadness,NA,NA
derision,-2,negative,anger,NA,disgust,NA,NA,negative,NA,NA,NA,NA
desirable,2,positive,NA,NA,NA,NA,NA,NA,positive,NA,NA,NA
desirous,2,positive,NA,NA,NA,NA,NA,NA,positive,NA,NA,NA
despair,-3,negative,anger,NA,disgust,fear,NA,negative,NA,sadness,NA,NA
despairing,-3,negative,NA,NA,NA,fear,NA,negative,NA,sadness,NA,NA
desperate,-3,negative,NA,NA,NA,NA,NA,negative,NA,NA,NA,NA
destruction,-3,negative,anger,NA,NA,NA,NA,negative,NA,NA,NA,NA
destructive,-3,negative,anger,NA,disgust,fear,NA,negative,NA,NA,NA,NA
devastate,-2,negative,anger,NA,NA,fear,NA,negative,NA,sadness,NA,NA
devastating,-2,negative,anger,NA,disgust,fear,NA,negative,NA,sadness,NA,trust
die,-3,negative,NA,NA,NA,fear,NA,negative,NA,sadness,NA,NA
difficult,-1,negative,NA,NA,NA,fear,NA,NA,NA,NA,NA,NA
dire,-3,negative,NA,NA,disgust,fear,NA,negative,NA,sadness,surprise,NA
dirt,-2,negative,NA,NA,disgust,NA,NA,negative,NA,NA,NA,NA
dirty,-2,negative,NA,NA,disgust,NA,NA,negative,NA,NA,NA,NA
disappoint,-2,negative,anger,NA,disgust,NA,NA,negative,NA,sadness,NA,NA
disappointed,-2,negative,anger,NA,disgust,NA,NA,negative,NA,sadness,NA,NA
disappointing,-2,negative,NA,NA,NA,NA,NA,negative,NA,sadness,NA,NA
disappointment,-2,negative,NA,NA,disgust,NA,NA,negative,NA,sadness,NA,NA
disaster,-2,negative,anger,NA,disgust,fear,NA,negative,NA,sadness,surprise,NA
disastrous,-3,negative,anger,NA,NA,fear,NA,negative,NA,sadness,NA,NA
disbelieve,-2,negative,NA,NA,NA,NA,NA,negative,NA,NA,NA,NA
discord,-2,negative,anger,NA,disgust,NA,NA,negative,NA,NA,NA,NA
disdain,-2,negative,anger,NA,disgust,NA,NA,negative,NA,NA,NA,NA
disgrace,-2,negative,anger,NA,disgust,NA,NA,negative,NA,sadness,NA,NA
disgraced,-2,negative,anger,NA,disgust,NA,NA,negative,NA,sadness,NA,NA
disgust,-3,negative,anger,NA,disgust,fear,NA,negative,NA,sadness,NA,NA
disgusting,-3,negative,anger,NA,disgust,fear,NA,negative,NA,NA,NA,NA
dishonest,-2,negative,anger,NA,disgust,NA,NA,negative,NA,sadness,NA,NA
dislike,-2,negative,anger,NA,disgust,NA,NA,negative,NA,NA,NA,NA
dismal,-2,negative,NA,NA,disgust,fear,NA,negative,NA,sadness,NA,NA
disorder,-2,negative,NA,NA,NA,fear,NA,negative,NA,NA,NA,NA
disorganized,-2,negative,NA,NA,NA,NA,NA,negative,NA,NA,NA,NA
disparage,-2,negative,anger,NA,disgust,NA,NA,negative,NA,sadness,NA,NA
disparaging,-2,negative,anger,NA,disgust,NA,NA,negative,NA,sadness,NA,NA
displeased,-2,negative,anger,NA,disgust,fear,NA,negative,NA,sadness,NA,NA
dispute,-2,negative,anger,NA,NA,NA,NA,negative,NA,NA,NA,NA
disregard,-2,negative,NA,NA,NA,NA,NA,negative,NA,NA,NA,NA
disrespect,-2,negative,anger,NA,NA,NA,NA,negative,NA,NA,NA,NA
disruption,-2,negative,anger,NA,NA,fear,NA,negative,NA,NA,surprise,NA
distorted,-2,negative,NA,NA,disgust,NA,NA,negative,NA,NA,NA,NA
distract,-2,negative,NA,NA,NA,NA,NA,negative,NA,NA,NA,NA
distraction,-2,negative,NA,NA,NA,NA,NA,negative,NA,NA,NA,NA
distress,-2,negative,anger,NA,disgust,fear,NA,negative,NA,sadness,surprise,NA
distressed,-2,negative,NA,NA,NA,fear,NA,negative,NA,NA,NA,NA
distressing,-2,negative,anger,NA,NA,fear,NA,negative,NA,NA,NA,NA
distrust,-3,negative,anger,NA,disgust,fear,NA,negative,NA,NA,NA,NA
disturbed,-2,negative,anger,NA,NA,NA,NA,negative,NA,sadness,NA,NA
dizzy,-1,negative,NA,NA,NA,NA,NA,negative,NA,NA,NA,NA
doom,-2,negative,NA,NA,NA,fear,NA,negative,NA,NA,NA,NA
doomed,-2,negative,NA,NA,NA,fear,NA,negative,NA,sadness,NA,NA
doubt,-1,negative,NA,NA,NA,fear,NA,negative,NA,sadness,NA,trust
doubtful,-1,negative,NA,NA,NA,NA,NA,negative,NA,NA,NA,NA
dread,-2,negative,NA,anticipation,NA,fear,NA,negative,NA,NA,NA,NA
dreadful,-3,negative,anger,anticipation,disgust,fear,NA,negative,NA,sadness,NA,NA
dreary,-2,negative,NA,NA,NA,NA,NA,negative,NA,sadness,NA,NA
dubious,-2,negative,NA,NA,NA,fear,NA,negative,NA,NA,NA,trust
dull,-2,negative,NA,NA,NA,NA,NA,negative,NA,sadness,NA,NA
dumb,-3,negative,NA,NA,NA,NA,NA,negative,NA,NA,NA,NA
dumps,-1,negative,anger,NA,NA,NA,NA,negative,NA,sadness,NA,NA
dupe,-2,negative,anger,NA,NA,NA,NA,negative,NA,NA,NA,NA
eager,2,positive,NA,anticipation,NA,NA,joy,NA,positive,NA,surprise,trust
earnest,2,positive,NA,NA,NA,NA,NA,NA,positive,NA,NA,NA
ease,2,positive,NA,NA,NA,NA,NA,NA,positive,NA,NA,NA
ecstatic,4,positive,NA,anticipation,NA,NA,joy,NA,positive,NA,surprise,NA
effective,2,positive,NA,NA,NA,NA,NA,NA,positive,NA,NA,trust
elated,3,positive,NA,NA,NA,NA,joy,NA,positive,NA,NA,NA
elegant,2,positive,NA,NA,NA,NA,joy,NA,positive,NA,NA,NA
embarrass,-2,negative,NA,NA,NA,NA,NA,negative,NA,sadness,NA,NA
embarrassing,-2,negative,NA,NA,NA,NA,NA,negative,NA,NA,NA,NA
embarrassment,-2,negative,NA,NA,NA,fear,NA,negative,NA,sadness,surprise,NA
emergency,-2,negative,NA,NA,NA,fear,NA,negative,NA,sadness,surprise,NA
emptiness,-1,negative,NA,NA,NA,NA,NA,NA,NA,sadness,NA,NA
enchanted,2,positive,NA,NA,NA,NA,joy,NA,positive,NA,NA,trust
encourage,2,positive,NA,NA,NA,NA,joy,NA,positive,NA,NA,trust
encouragement,2,positive,NA,NA,NA,NA,NA,NA,positive,NA,NA,NA
enemy,-2,negative,anger,NA,disgust,fear,NA,negative,NA,NA,NA,NA
energetic,2,positive,NA,NA,NA,NA,NA,NA,positive,NA,NA,NA
enjoy,2,positive,NA,anticipation,NA,NA,joy,NA,positive,NA,NA,trust
enjoying,2,positive,NA,anticipation,NA,NA,joy,NA,positive,NA,NA,trust
enlighten,2,positive,NA,NA,NA,NA,joy,NA,positive,NA,NA,trust
enslave,-2,negative,NA,NA,NA,NA,NA,negative,NA,NA,NA,NA
enterprising,1,positive,NA,NA,NA,NA,NA,NA,positive,NA,NA,NA
entertaining,2,positive,NA,anticipation,NA,NA,joy,NA,positive,NA,NA,NA
envious,-2,negative,NA,NA,NA,NA,NA,negative,NA,NA,NA,NA
envious,-2,positive,NA,NA,NA,NA,NA,negative,NA,NA,NA,NA
erroneous,-2,negative,NA,NA,NA,NA,NA,negative,NA,NA,NA,NA
error,-2,negative,NA,NA,NA,NA,NA,negative,NA,sadness,NA,NA
ethical,2,positive,NA,NA,NA,NA,NA,NA,positive,NA,NA,NA
evil,-3,negative,anger,NA,disgust,fear,NA,negative,NA,sadness,NA,NA
exaggerate,-2,negative,anger,NA,NA,NA,NA,negative,NA,NA,NA,NA
excellence,3,positive,NA,NA,disgust,NA,joy,NA,positive,NA,NA,trust
excellent,3,positive,NA,NA,NA,NA,joy,NA,positive,NA,NA,trust
excite,3,positive,anger,anticipation,NA,fear,joy,NA,positive,NA,surprise,NA
excited,3,positive,NA,anticipation,NA,NA,joy,NA,positive,NA,surprise,trust
excitement,3,positive,NA,anticipation,NA,NA,joy,NA,positive,NA,surprise,NA
exciting,3,positive,NA,anticipation,NA,NA,joy,NA,positive,NA,surprise,NA
exclusion,-1,negative,NA,NA,disgust,fear,NA,negative,NA,sadness,NA,NA
excuse,-1,negative,NA,NA,NA,NA,NA,negative,NA,NA,NA,NA
exhausted,-2,negative,NA,NA,NA,NA,NA,negative,NA,sadness,NA,NA
expel,-2,negative,anger,NA,disgust,fear,NA,negative,NA,sadness,NA,NA
failing,-2,negative,anger,anticipation,NA,fear,NA,negative,NA,sadness,NA,NA
failure,-2,negative,NA,NA,disgust,fear,NA,negative,NA,sadness,NA,NA
fair,2,positive,NA,NA,NA,NA,NA,NA,positive,NA,NA,NA
faith,1,positive,NA,anticipation,NA,NA,joy,NA,positive,NA,NA,trust
faithful,3,positive,NA,NA,NA,NA,NA,NA,positive,NA,NA,trust
fake,-3,negative,NA,NA,NA,NA,NA,negative,NA,NA,NA,NA
falling,-1,negative,NA,NA,NA,NA,NA,negative,NA,sadness,NA,NA
falsify,-3,negative,NA,NA,disgust,NA,NA,negative,NA,NA,NA,NA
fame,1,positive,NA,NA,NA,NA,NA,NA,positive,NA,NA,NA
farce,-1,negative,NA,NA,NA,NA,NA,negative,NA,NA,NA,NA
fascinating,3,positive,NA,NA,NA,NA,NA,NA,positive,NA,NA,NA
fatigue,-2,negative,NA,NA,NA,NA,NA,negative,NA,NA,NA,NA
fatigued,-2,negative,NA,NA,NA,NA,NA,negative,NA,sadness,NA,NA
favorite,2,positive,NA,NA,NA,NA,joy,NA,positive,NA,NA,trust
fear,-2,negative,anger,NA,NA,fear,NA,negative,NA,NA,NA,NA
fearful,-2,negative,NA,NA,NA,fear,NA,negative,NA,sadness,NA,NA
fearless,2,positive,NA,NA,NA,fear,NA,NA,positive,NA,NA,NA
feeble,-2,negative,NA,NA,NA,NA,NA,negative,NA,sadness,NA,NA
festive,2,positive,NA,NA,NA,NA,joy,NA,positive,NA,NA,NA
fiasco,-3,negative,NA,NA,NA,NA,NA,negative,NA,NA,NA,NA
fondness,2,positive,NA,NA,NA,NA,joy,NA,positive,NA,NA,NA
fool,-2,negative,NA,NA,disgust,NA,NA,negative,NA,NA,NA,NA
foolish,-2,negative,NA,NA,NA,NA,NA,negative,NA,NA,NA,NA
fortunate,2,positive,NA,NA,NA,NA,NA,NA,positive,NA,NA,NA
frantic,-1,negative,NA,anticipation,disgust,fear,NA,negative,NA,NA,surprise,NA
fraud,-4,negative,anger,NA,NA,NA,NA,negative,NA,NA,NA,NA
fraudulent,-4,negative,anger,NA,disgust,NA,NA,negative,NA,NA,NA,NA
freedom,2,positive,NA,NA,NA,NA,joy,NA,positive,NA,NA,trust
frenzy,-3,negative,NA,NA,NA,NA,NA,negative,NA,NA,NA,NA
friendly,2,positive,NA,anticipation,NA,NA,joy,NA,positive,NA,NA,trust
fright,-2,negative,NA,NA,NA,fear,NA,negative,NA,NA,surprise,NA
frustrate,-2,negative,anger,NA,disgust,NA,NA,negative,NA,sadness,NA,NA
frustrated,-2,negative,anger,NA,NA,NA,NA,negative,NA,NA,NA,NA
frustration,-2,negative,anger,NA,NA,NA,NA,negative,NA,NA,NA,NA
fun,4,positive,NA,anticipation,NA,NA,joy,NA,positive,NA,NA,NA
furious,-3,negative,anger,NA,disgust,NA,NA,negative,NA,NA,NA,NA
futile,2,negative,NA,NA,NA,NA,NA,negative,NA,sadness,NA,NA
gain,2,positive,NA,anticipation,NA,NA,joy,NA,positive,NA,NA,NA
gaining,2,positive,NA,NA,NA,NA,NA,NA,positive,NA,NA,NA
gallant,3,positive,NA,NA,NA,NA,NA,NA,positive,NA,NA,NA
generous,2,positive,NA,NA,NA,NA,joy,NA,positive,NA,NA,trust
genial,3,positive,NA,NA,NA,NA,joy,NA,positive,NA,NA,NA
glad,3,positive,NA,anticipation,NA,NA,joy,NA,positive,NA,NA,NA
glee,3,positive,NA,NA,NA,NA,joy,NA,positive,NA,NA,NA
gloom,-1,negative,NA,NA,NA,NA,NA,negative,NA,sadness,NA,NA
gloomy,-2,negative,NA,NA,NA,NA,NA,negative,NA,sadness,NA,NA
glory,2,positive,NA,anticipation,NA,NA,joy,NA,positive,NA,NA,trust
glum,-2,negative,NA,NA,NA,NA,NA,negative,NA,sadness,NA,NA
godsend,4,positive,NA,NA,NA,NA,joy,NA,positive,NA,surprise,NA
good,3,positive,NA,anticipation,NA,NA,joy,NA,positive,NA,surprise,trust
goodness,3,positive,NA,anticipation,NA,NA,joy,NA,positive,NA,surprise,trust
grace,1,positive,NA,NA,NA,NA,NA,NA,positive,NA,NA,NA
gracious,3,positive,NA,NA,NA,NA,NA,NA,positive,NA,NA,NA
grateful,3,positive,NA,NA,NA,NA,NA,NA,positive,NA,NA,NA
greed,-3,negative,anger,NA,disgust,NA,NA,negative,NA,NA,NA,NA
greedy,-2,negative,NA,NA,disgust,NA,NA,negative,NA,NA,NA,NA
grief,-2,negative,NA,NA,NA,NA,NA,negative,NA,sadness,NA,NA
gross,-2,negative,NA,NA,disgust,NA,NA,negative,NA,NA,NA,NA
guarantee,1,positive,NA,NA,NA,NA,NA,NA,positive,NA,NA,trust
guilt,-3,negative,NA,NA,disgust,NA,NA,negative,NA,sadness,NA,NA
guilty,-3,negative,anger,NA,NA,NA,NA,negative,NA,sadness,NA,NA
gullible,-2,negative,NA,NA,NA,NA,NA,negative,NA,sadness,NA,trust
hail,2,positive,NA,NA,NA,NA,NA,negative,positive,NA,NA,trust
happiness,3,positive,NA,anticipation,NA,NA,joy,NA,positive,NA,NA,NA
happy,3,positive,NA,anticipation,NA,NA,joy,NA,positive,NA,NA,trust
hardship,-2,negative,NA,NA,NA,NA,NA,negative,NA,sadness,NA,NA
hardy,2,positive,NA,NA,NA,NA,joy,NA,positive,NA,NA,trust
harm,-2,negative,NA,NA,NA,fear,NA,negative,NA,NA,NA,NA
harmful,-2,negative,anger,NA,disgust,fear,NA,negative,NA,sadness,NA,NA
hate,-3,negative,anger,NA,disgust,fear,NA,negative,NA,sadness,NA,NA
hating,-3,negative,anger,NA,NA,NA,NA,negative,NA,NA,NA,NA
haunt,-1,negative,NA,NA,NA,fear,NA,negative,NA,NA,NA,NA
havoc,-2,negative,anger,NA,NA,fear,NA,negative,NA,NA,NA,NA
healthy,2,positive,NA,NA,NA,NA,NA,NA,positive,NA,NA,NA
heartfelt,3,positive,NA,NA,NA,NA,joy,NA,positive,sadness,NA,trust
heavenly,4,positive,NA,anticipation,NA,NA,joy,NA,positive,NA,NA,trust
hell,-4,negative,anger,NA,disgust,fear,NA,negative,NA,sadness,NA,NA
helpful,2,positive,NA,NA,NA,NA,joy,NA,positive,NA,NA,trust
helpless,-2,negative,NA,NA,NA,fear,NA,negative,NA,sadness,NA,NA
hero,2,positive,NA,anticipation,NA,NA,joy,NA,positive,NA,surprise,trust
heroic,3,positive,NA,NA,NA,NA,joy,NA,positive,NA,surprise,trust
hilarious,2,positive,NA,NA,NA,NA,joy,NA,positive,NA,surprise,NA
hindrance,-2,negative,NA,NA,NA,NA,NA,negative,NA,NA,NA,NA
hoax,-2,negative,anger,NA,disgust,NA,NA,negative,NA,sadness,surprise,NA
honest,2,positive,anger,NA,disgust,fear,joy,NA,positive,sadness,NA,trust
honor,2,positive,NA,NA,NA,NA,NA,NA,positive,NA,NA,trust
hopeful,2,positive,NA,anticipation,NA,NA,joy,NA,positive,NA,surprise,trust
hopeless,-2,negative,NA,NA,NA,fear,NA,negative,NA,sadness,NA,NA
hopelessness,-2,negative,anger,NA,disgust,fear,NA,negative,NA,sadness,NA,NA
horrible,-3,negative,anger,NA,disgust,fear,NA,negative,NA,NA,NA,NA
horrific,-3,negative,anger,NA,disgust,fear,NA,negative,NA,sadness,NA,NA
horrified,-3,negative,NA,NA,NA,fear,NA,negative,NA,NA,NA,NA
hostile,-2,negative,anger,NA,disgust,fear,NA,negative,NA,NA,NA,NA
hug,2,positive,NA,NA,NA,NA,joy,NA,positive,NA,NA,trust
humiliation,-3,negative,NA,NA,disgust,NA,NA,negative,NA,sadness,NA,NA
humorous,2,positive,NA,NA,NA,NA,joy,NA,positive,NA,NA,NA
hurt,-2,negative,anger,NA,NA,fear,NA,negative,NA,sadness,NA,NA
hurting,-2,negative,anger,NA,NA,fear,NA,negative,NA,sadness,NA,NA
hypocritical,-2,negative,NA,NA,disgust,NA,NA,negative,NA,NA,NA,NA
hysteria,-3,negative,NA,NA,NA,fear,NA,negative,NA,NA,NA,NA
hysterical,-3,negative,anger,NA,NA,fear,NA,negative,NA,NA,NA,NA
idiot,-3,negative,NA,NA,disgust,NA,NA,negative,NA,NA,NA,NA
idiotic,-3,negative,anger,NA,disgust,NA,NA,negative,NA,NA,NA,NA
ignorance,-2,negative,NA,NA,NA,NA,NA,negative,NA,NA,NA,NA
ignorant,-2,negative,NA,NA,disgust,NA,NA,negative,NA,NA,NA,NA
ignore,-1,negative,NA,NA,NA,NA,NA,negative,NA,NA,NA,NA
illegal,-3,negative,anger,NA,disgust,fear,NA,negative,NA,sadness,NA,NA
illness,-2,negative,NA,NA,NA,fear,NA,negative,NA,sadness,NA,NA
impatient,-2,negative,NA,anticipation,NA,NA,NA,negative,NA,NA,NA,NA
important,2,positive,NA,NA,NA,NA,NA,NA,positive,NA,NA,trust
impotent,-2,negative,NA,NA,NA,NA,NA,negative,NA,NA,NA,NA
impress,3,positive,NA,NA,NA,NA,NA,NA,positive,NA,NA,NA
improve,2,positive,NA,anticipation,NA,NA,joy,NA,positive,NA,NA,trust
improved,2,positive,NA,NA,NA,NA,NA,NA,positive,NA,NA,NA
improvement,2,positive,NA,NA,NA,NA,joy,NA,positive,NA,NA,trust
improving,2,positive,NA,NA,NA,NA,NA,NA,positive,NA,NA,NA
inability,-2,negative,NA,NA,NA,NA,NA,negative,NA,sadness,NA,NA
inaction,-2,negative,NA,NA,NA,NA,NA,negative,NA,NA,NA,NA
inadequate,-2,negative,NA,NA,NA,NA,NA,negative,NA,sadness,NA,NA
incompetence,-2,negative,NA,NA,NA,NA,NA,negative,NA,NA,NA,NA
incompetent,-2,negative,anger,NA,NA,NA,NA,negative,NA,sadness,NA,NA
inconsiderate,-2,negative,anger,NA,disgust,NA,NA,negative,NA,sadness,NA,NA
indecisive,-2,negative,NA,NA,NA,NA,NA,negative,NA,NA,NA,NA
indifference,-2,negative,anger,NA,disgust,fear,NA,negative,NA,sadness,NA,NA
indignant,-2,negative,anger,NA,NA,NA,NA,negative,NA,NA,NA,NA
indignation,-2,negative,anger,NA,disgust,NA,NA,negative,NA,NA,NA,NA
ineffective,-2,negative,NA,NA,NA,NA,NA,negative,NA,NA,NA,NA
inferior,-2,negative,NA,NA,NA,NA,NA,negative,NA,sadness,NA,NA
influential,2,positive,NA,NA,NA,NA,NA,NA,positive,NA,NA,trust
infringement,-2,negative,NA,NA,NA,NA,NA,negative,NA,NA,NA,NA
inhibit,-1,negative,anger,NA,disgust,NA,NA,negative,NA,sadness,NA,NA
injury,-2,negative,anger,NA,NA,fear,NA,negative,NA,sadness,NA,NA
injustice,-2,negative,anger,NA,NA,NA,NA,negative,NA,NA,NA,NA
innovation,1,positive,NA,NA,NA,NA,NA,NA,positive,NA,NA,NA
insane,-2,negative,anger,NA,NA,fear,NA,negative,NA,NA,NA,NA
insanity,-2,negative,anger,NA,disgust,fear,NA,negative,NA,sadness,NA,NA
insecure,-2,negative,anger,NA,NA,fear,NA,negative,NA,sadness,NA,NA
insignificant,-2,negative,anger,NA,NA,NA,NA,negative,NA,sadness,NA,NA
inspiration,2,positive,NA,anticipation,NA,NA,joy,NA,positive,NA,NA,NA
inspire,2,positive,NA,anticipation,NA,NA,joy,NA,positive,NA,NA,trust
insult,-2,negative,anger,NA,disgust,NA,NA,negative,NA,sadness,surprise,NA
insulting,-2,negative,anger,NA,disgust,fear,NA,negative,NA,sadness,NA,NA
intelligent,2,positive,NA,NA,NA,NA,NA,NA,positive,NA,NA,trust
intense,1,negative,anger,NA,disgust,fear,joy,negative,positive,NA,surprise,trust
interesting,2,positive,NA,NA,NA,NA,NA,NA,positive,NA,NA,NA
interrupt,-2,negative,anger,NA,NA,NA,NA,negative,NA,NA,surprise,NA
intimidate,-2,negative,NA,NA,NA,fear,NA,negative,NA,NA,NA,NA
intimidation,-2,negative,anger,NA,NA,fear,NA,negative,NA,NA,NA,NA
irate,-3,negative,anger,NA,NA,NA,NA,negative,NA,NA,NA,NA
irrational,-1,negative,NA,NA,disgust,fear,NA,negative,NA,NA,NA,NA
irresponsible,2,negative,NA,NA,NA,NA,NA,negative,NA,NA,NA,NA
irritating,-3,negative,anger,NA,disgust,NA,NA,negative,NA,NA,NA,NA
isolated,-1,negative,NA,NA,NA,fear,NA,negative,NA,sadness,NA,NA
jealous,-2,negative,anger,NA,disgust,NA,NA,negative,NA,NA,NA,NA
jeopardy,-2,negative,NA,anticipation,NA,fear,NA,negative,NA,NA,NA,NA
jerk,-3,negative,anger,NA,NA,NA,NA,NA,NA,NA,surprise,NA
joke,2,negative,NA,NA,NA,NA,NA,negative,NA,NA,NA,NA
jovial,2,positive,NA,NA,NA,NA,joy,NA,positive,NA,NA,NA
joy,3,positive,NA,NA,NA,NA,joy,NA,positive,NA,NA,NA
joyful,3,positive,NA,NA,NA,NA,joy,NA,positive,NA,NA,trust
joyous,3,positive,NA,NA,NA,NA,joy,NA,positive,NA,NA,NA
jubilant,3,positive,NA,NA,NA,NA,joy,NA,positive,NA,surprise,trust
kill,-3,negative,NA,NA,NA,fear,NA,negative,NA,sadness,NA,NA
killing,-3,negative,anger,NA,NA,fear,NA,negative,NA,sadness,NA,NA
kudos,3,positive,NA,NA,NA,NA,joy,NA,positive,NA,NA,NA
lack,-2,negative,NA,NA,NA,NA,NA,negative,NA,NA,NA,NA
lag,-1,negative,NA,NA,NA,NA,NA,negative,NA,NA,NA,NA
lagging,-2,negative,anger,anticipation,disgust,NA,NA,negative,NA,sadness,NA,NA
lazy,-1,negative,NA,NA,NA,NA,NA,negative,NA,NA,NA,NA
leak,-1,negative,NA,NA,NA,NA,NA,negative,NA,NA,NA,NA
lethargy,-2,negative,NA,NA,NA,NA,NA,negative,NA,sadness,NA,NA
liar,-3,negative,NA,NA,disgust,NA,NA,negative,NA,NA,NA,NA
limited,-1,negative,anger,NA,NA,NA,NA,negative,NA,sadness,NA,NA
litigious,-2,negative,anger,NA,disgust,NA,NA,negative,NA,NA,NA,NA
livid,-2,negative,anger,NA,disgust,NA,NA,negative,NA,NA,NA,NA
loathe,-3,negative,anger,NA,disgust,NA,NA,negative,NA,NA,NA,NA
loathing,-3,negative,NA,NA,disgust,NA,NA,negative,NA,NA,NA,NA
lonely,-2,negative,anger,NA,disgust,fear,NA,negative,NA,sadness,NA,NA
lonesome,-2,negative,NA,NA,NA,NA,NA,negative,NA,sadness,NA,NA
longing,-1,negative,NA,anticipation,NA,NA,NA,NA,NA,sadness,NA,NA
losing,-3,negative,anger,NA,NA,NA,NA,negative,NA,sadness,NA,NA
loss,-3,negative,anger,NA,NA,fear,NA,negative,NA,sadness,NA,NA
lost,-3,negative,NA,NA,NA,NA,NA,negative,NA,sadness,NA,NA
lovable,3,positive,NA,NA,NA,NA,joy,NA,positive,NA,NA,trust
love,3,positive,NA,NA,NA,NA,joy,NA,positive,NA,NA,NA
lovely,3,positive,NA,anticipation,NA,NA,joy,NA,positive,sadness,surprise,trust
loving,2,positive,NA,NA,NA,NA,joy,NA,positive,NA,NA,trust
loyal,3,positive,NA,NA,NA,fear,joy,NA,positive,NA,surprise,trust
loyalty,3,positive,NA,NA,NA,NA,NA,NA,positive,NA,NA,trust
luck,3,positive,NA,anticipation,NA,NA,joy,NA,positive,NA,surprise,NA
lucky,3,positive,NA,NA,NA,NA,joy,NA,positive,NA,surprise,NA
lunatic,-3,negative,anger,NA,disgust,fear,NA,negative,NA,NA,NA,NA
lurk,-1,negative,NA,NA,NA,NA,NA,negative,NA,NA,NA,NA
lurking,-1,negative,NA,NA,NA,NA,NA,negative,NA,NA,NA,NA
mad,-3,negative,anger,NA,disgust,fear,NA,negative,NA,sadness,NA,NA
madness,-3,negative,anger,NA,NA,fear,NA,negative,NA,NA,NA,NA
manipulation,-1,negative,anger,NA,NA,fear,NA,negative,NA,NA,NA,NA
marvel,3,positive,NA,NA,NA,NA,NA,NA,positive,NA,surprise,NA
marvelous,3,positive,NA,NA,NA,NA,joy,NA,positive,NA,NA,NA
masterpiece,4,positive,NA,NA,NA,NA,joy,NA,positive,NA,NA,NA
meaningless,-2,negative,NA,NA,NA,NA,NA,negative,NA,sadness,NA,NA
mediocrity,-3,negative,NA,NA,NA,NA,NA,negative,NA,NA,NA,NA
melancholy,-2,negative,NA,NA,NA,NA,NA,negative,NA,sadness,NA,NA
menace,-2,negative,anger,NA,NA,fear,NA,negative,NA,NA,NA,NA
mercy,2,positive,NA,NA,NA,NA,NA,NA,positive,NA,NA,NA
merry,3,positive,NA,NA,NA,NA,joy,NA,positive,NA,NA,NA
mess,-2,negative,NA,NA,disgust,NA,NA,negative,NA,NA,NA,NA
miracle,4,positive,NA,anticipation,NA,NA,joy,NA,positive,NA,surprise,trust
mischief,-1,negative,NA,NA,NA,NA,NA,negative,NA,NA,NA,NA
miserable,-3,negative,anger,NA,disgust,NA,NA,negative,NA,sadness,NA,NA
misery,-2,negative,anger,NA,disgust,fear,NA,negative,NA,sadness,NA,NA
misleading,-3,negative,anger,NA,disgust,NA,NA,negative,NA,NA,NA,NA
misrepresentation,-2,negative,NA,NA,NA,NA,NA,negative,NA,sadness,NA,NA
mistake,-2,negative,NA,NA,NA,NA,NA,negative,NA,sadness,NA,NA
mistaken,-2,negative,NA,NA,NA,fear,NA,negative,NA,NA,NA,NA
misunderstand,-2,negative,NA,NA,NA,NA,NA,negative,NA,NA,NA,NA
misunderstanding,-2,negative,anger,NA,NA,NA,NA,negative,NA,sadness,NA,NA
moan,-2,negative,NA,NA,NA,fear,NA,NA,NA,sadness,NA,NA
mocking,-2,negative,anger,NA,disgust,NA,NA,negative,NA,sadness,NA,NA
moody,-1,negative,anger,NA,NA,NA,NA,negative,NA,sadness,NA,NA
moron,-3,negative,NA,NA,NA,NA,NA,negative,NA,NA,NA,NA
mourn,-2,negative,NA,NA,NA,NA,NA,negative,NA,sadness,NA,NA
mournful,-2,negative,anger,NA,NA,fear,NA,negative,NA,sadness,NA,NA
murder,-2,negative,anger,NA,disgust,fear,NA,negative,NA,sadness,surprise,NA
murderer,-2,negative,anger,NA,disgust,fear,NA,negative,NA,sadness,NA,NA
murderous,-3,negative,anger,NA,disgust,fear,NA,negative,NA,sadness,surprise,NA
naive,-2,negative,NA,NA,NA,NA,NA,negative,NA,NA,NA,NA
nasty,-3,negative,anger,NA,disgust,fear,NA,negative,NA,sadness,NA,NA
needy,-2,negative,NA,NA,NA,NA,NA,negative,NA,NA,NA,NA
negative,-2,negative,NA,NA,NA,NA,NA,negative,NA,sadness,NA,NA
neglect,-2,negative,NA,NA,NA,NA,NA,negative,NA,NA,NA,NA
neglected,-2,negative,anger,NA,disgust,NA,NA,negative,NA,sadness,NA,NA
nervous,-2,negative,NA,anticipation,NA,fear,NA,negative,NA,NA,NA,NA
noble,2,positive,NA,NA,NA,NA,NA,NA,positive,NA,NA,trust
noisy,-1,negative,anger,NA,NA,NA,NA,negative,NA,NA,NA,NA
nonsense,-2,negative,NA,NA,NA,NA,NA,negative,NA,NA,NA,NA
numb,-1,negative,NA,NA,NA,NA,NA,negative,NA,NA,NA,NA
obliterate,-2,negative,anger,NA,NA,fear,NA,negative,NA,sadness,NA,NA
obliterated,-2,negative,anger,NA,NA,fear,NA,negative,NA,NA,NA,NA
obnoxious,-3,negative,anger,NA,disgust,NA,NA,negative,NA,sadness,NA,NA
obscene,-2,negative,NA,NA,disgust,NA,NA,negative,NA,NA,NA,NA
obstacle,-2,negative,anger,NA,NA,fear,NA,negative,NA,sadness,NA,NA
obstinate,-2,negative,NA,NA,NA,NA,NA,negative,NA,NA,NA,NA
offend,-2,negative,anger,NA,disgust,NA,NA,negative,NA,NA,NA,NA
offender,-2,negative,anger,NA,disgust,fear,NA,negative,NA,sadness,NA,NA
ominous,3,negative,NA,anticipation,NA,fear,NA,negative,NA,NA,NA,NA
oppressive,-2,negative,anger,NA,disgust,fear,NA,negative,NA,sadness,NA,NA
optimism,2,positive,NA,anticipation,NA,NA,joy,NA,positive,NA,surprise,trust
outcry,-2,negative,anger,NA,NA,fear,NA,negative,NA,NA,surprise,NA
outrage,-3,negative,anger,NA,disgust,NA,NA,negative,NA,NA,NA,NA
outstanding,5,positive,NA,NA,NA,NA,joy,negative,positive,NA,NA,NA
overjoyed,4,positive,NA,NA,NA,NA,joy,NA,positive,NA,NA,NA
pain,-2,negative,NA,NA,NA,fear,NA,negative,NA,sadness,NA,NA
panic,-3,negative,NA,NA,NA,fear,NA,negative,NA,NA,NA,NA
pardon,2,positive,NA,NA,NA,NA,NA,NA,positive,NA,NA,NA
passionate,2,positive,NA,anticipation,NA,NA,joy,NA,positive,NA,NA,trust
passive,-1,negative,NA,NA,NA,NA,NA,negative,NA,NA,NA,NA
pathetic,-2,negative,NA,NA,disgust,NA,NA,negative,NA,sadness,NA,NA
peace,2,positive,NA,anticipation,NA,NA,joy,NA,positive,NA,NA,trust
peaceful,2,positive,NA,anticipation,NA,NA,joy,NA,positive,NA,surprise,trust
penalty,-2,negative,anger,NA,NA,fear,NA,negative,NA,sadness,NA,NA
perfect,3,positive,NA,anticipation,NA,NA,joy,NA,positive,NA,NA,trust
peril,-2,negative,NA,anticipation,NA,fear,NA,negative,NA,sadness,NA,NA
perplexed,-2,negative,NA,NA,NA,NA,NA,negative,NA,NA,NA,NA
persecute,-2,negative,anger,NA,NA,fear,NA,negative,NA,NA,NA,NA
pessimism,-2,negative,anger,NA,NA,fear,NA,negative,NA,sadness,NA,NA
picturesque,2,positive,NA,NA,NA,NA,joy,NA,positive,NA,NA,NA
pique,-2,negative,anger,NA,NA,NA,NA,negative,NA,NA,NA,NA
pity,-2,negative,NA,NA,NA,NA,NA,NA,NA,sadness,NA,NA
playful,2,positive,anger,NA,NA,NA,joy,NA,positive,NA,surprise,trust
pleasant,3,positive,NA,anticipation,NA,NA,joy,NA,positive,NA,surprise,trust
pleased,3,positive,NA,NA,NA,NA,joy,NA,positive,NA,NA,NA
poison,-2,negative,anger,NA,disgust,fear,NA,negative,NA,sadness,NA,NA
pollute,-2,negative,NA,NA,disgust,NA,NA,negative,NA,NA,NA,NA
poverty,-1,negative,anger,NA,disgust,fear,NA,negative,NA,sadness,NA,NA
powerful,2,positive,anger,anticipation,disgust,fear,joy,NA,positive,NA,NA,trust
powerless,-2,negative,anger,NA,disgust,fear,NA,negative,NA,sadness,NA,NA
praise,3,positive,NA,NA,NA,NA,joy,NA,positive,NA,NA,trust
pretend,-1,negative,NA,NA,NA,NA,NA,negative,NA,NA,NA,NA
pretty,1,positive,NA,anticipation,NA,NA,joy,NA,positive,NA,NA,trust
prick,-5,negative,anger,NA,disgust,fear,NA,negative,NA,NA,surprise,NA
prison,-2,negative,anger,NA,NA,fear,NA,negative,NA,sadness,NA,NA
prisoner,-2,negative,anger,NA,disgust,fear,NA,negative,NA,sadness,NA,NA
privileged,2,positive,NA,NA,NA,NA,joy,NA,positive,NA,NA,trust
problem,-2,negative,NA,NA,NA,fear,NA,negative,NA,sadness,NA,NA
progress,2,positive,NA,anticipation,NA,NA,joy,NA,positive,NA,NA,NA
promise,1,positive,NA,NA,NA,NA,joy,NA,positive,NA,NA,trust
propaganda,-2,negative,NA,NA,NA,NA,NA,negative,NA,NA,NA,NA
prosecute,-1,negative,anger,NA,NA,fear,NA,negative,NA,sadness,NA,NA
prosperous,3,positive,NA,NA,NA,NA,joy,NA,positive,NA,NA,NA
protect,1,positive,NA,NA,NA,NA,NA,NA,positive,NA,NA,NA
proud,2,positive,NA,anticipation,NA,NA,joy,NA,positive,NA,NA,trust
punish,-2,negative,NA,NA,NA,fear,NA,negative,NA,NA,NA,NA
punitive,-2,negative,anger,NA,NA,fear,NA,negative,NA,sadness,NA,NA
questionable,-2,negative,NA,NA,disgust,NA,NA,negative,NA,NA,NA,NA
rage,-2,negative,anger,NA,NA,NA,NA,negative,NA,NA,NA,NA
rape,-4,negative,anger,NA,disgust,fear,NA,negative,NA,sadness,NA,NA
rapture,2,positive,NA,anticipation,NA,NA,joy,NA,positive,NA,NA,NA
rash,-2,negative,NA,NA,disgust,NA,NA,negative,NA,NA,NA,NA
reassure,1,positive,NA,NA,NA,NA,NA,NA,positive,NA,NA,trust
recession,-2,negative,anger,NA,disgust,fear,NA,negative,NA,sadness,NA,NA
reckless,-2,negative,anger,NA,NA,fear,NA,negative,NA,NA,NA,NA
recommend,2,positive,NA,NA,NA,NA,NA,NA,positive,NA,NA,trust
refuse,-2,negative,NA,NA,NA,NA,NA,negative,NA,NA,NA,NA
refused,-2,negative,NA,NA,NA,NA,NA,negative,NA,sadness,NA,NA
regret,-2,negative,NA,NA,NA,NA,NA,negative,NA,sadness,NA,NA
regretted,-2,negative,NA,NA,NA,NA,NA,negative,NA,sadness,NA,NA
reject,-1,negative,anger,NA,NA,fear,NA,negative,NA,sadness,NA,NA
rejected,-1,negative,NA,NA,NA,NA,NA,negative,NA,NA,NA,NA
rejects,-1,negative,anger,NA,NA,fear,NA,negative,NA,sadness,NA,NA
rejoice,4,positive,NA,anticipation,NA,NA,joy,NA,positive,NA,surprise,trust
rejoicing,4,positive,NA,anticipation,NA,NA,joy,NA,positive,NA,surprise,NA
remarkable,2,positive,NA,NA,NA,NA,joy,NA,positive,NA,surprise,trust
remorse,-2,negative,NA,NA,NA,NA,NA,negative,NA,sadness,NA,NA
resentful,-2,negative,anger,NA,NA,NA,NA,negative,NA,NA,NA,NA
resigned,-1,negative,NA,NA,NA,NA,NA,negative,NA,sadness,NA,NA
responsive,2,positive,NA,anticipation,NA,NA,NA,NA,positive,NA,NA,trust
restful,2,positive,NA,NA,NA,NA,NA,NA,positive,NA,NA,NA
restrict,-2,negative,NA,NA,NA,NA,NA,negative,NA,sadness,NA,NA
restriction,-2,negative,anger,NA,NA,fear,NA,negative,NA,sadness,NA,NA
retard,-2,negative,NA,NA,disgust,fear,NA,negative,NA,sadness,NA,NA
revenge,-2,negative,anger,anticipation,NA,fear,NA,negative,NA,NA,surprise,NA
revive,2,positive,NA,anticipation,NA,NA,NA,negative,positive,NA,NA,NA
reward,2,positive,NA,anticipation,NA,NA,joy,NA,positive,NA,surprise,trust
ridiculous,-3,negative,anger,NA,disgust,NA,NA,negative,NA,NA,NA,NA
risk,-2,negative,NA,anticipation,NA,fear,NA,negative,NA,NA,NA,NA
robust,2,positive,NA,NA,NA,NA,NA,NA,positive,NA,NA,NA
ruin,-2,negative,NA,NA,NA,fear,NA,negative,NA,sadness,NA,NA
ruined,-2,negative,anger,NA,disgust,fear,NA,negative,NA,sadness,NA,NA
sabotage,-2,negative,anger,NA,disgust,fear,NA,negative,NA,sadness,surprise,NA
sadly,-2,negative,NA,NA,NA,NA,NA,negative,NA,sadness,NA,NA
safe,1,positive,NA,NA,NA,NA,joy,NA,positive,NA,NA,trust
satisfied,2,positive,NA,NA,NA,NA,joy,NA,positive,NA,NA,NA
scandal,-3,negative,NA,NA,NA,fear,NA,negative,NA,NA,NA,NA
scandalous,-3,negative,anger,NA,NA,NA,NA,negative,NA,NA,NA,NA
scapegoat,-2,negative,anger,NA,NA,fear,NA,negative,NA,NA,NA,NA
scare,-2,negative,anger,anticipation,NA,fear,NA,negative,NA,NA,surprise,NA
sceptical,-2,negative,NA,NA,NA,NA,NA,NA,NA,NA,NA,trust
scold,-2,negative,anger,NA,disgust,fear,NA,negative,NA,sadness,NA,NA
scorn,-2,negative,anger,NA,NA,NA,NA,negative,NA,NA,NA,NA
scream,-2,negative,anger,NA,disgust,fear,NA,negative,NA,NA,surprise,NA
screwed,-2,negative,anger,NA,NA,NA,NA,negative,NA,NA,NA,NA
selfish,-3,negative,anger,NA,disgust,NA,NA,negative,NA,NA,NA,NA
selfishness,-3,negative,NA,NA,NA,NA,NA,negative,NA,NA,NA,NA
serene,2,positive,NA,NA,NA,NA,NA,negative,NA,NA,NA,trust
shaky,-2,negative,anger,anticipation,NA,fear,NA,negative,NA,NA,NA,NA
shame,-2,negative,NA,NA,disgust,fear,NA,negative,NA,sadness,NA,NA
shameful,-2,negative,NA,NA,NA,NA,NA,negative,NA,sadness,NA,NA
shit,-4,negative,anger,NA,disgust,NA,NA,negative,NA,NA,NA,NA
shock,-2,negative,anger,NA,NA,fear,NA,negative,NA,NA,surprise,NA
shortage,-2,negative,anger,NA,NA,fear,NA,negative,NA,sadness,NA,NA
sick,-2,negative,NA,NA,disgust,NA,NA,negative,NA,sadness,NA,NA
silly,-1,negative,NA,NA,NA,NA,joy,negative,NA,NA,NA,NA
sincere,2,positive,NA,NA,NA,NA,NA,NA,positive,NA,NA,trust
sincerity,2,positive,NA,NA,NA,NA,NA,NA,positive,NA,NA,NA
sinful,-3,negative,anger,NA,disgust,fear,NA,negative,NA,sadness,NA,NA
skeptical,-2,negative,NA,NA,NA,NA,NA,negative,NA,NA,NA,NA
sluggish,-2,negative,NA,NA,NA,NA,NA,negative,NA,sadness,NA,NA
slut,-5,negative,anger,NA,disgust,NA,NA,negative,NA,NA,NA,NA
smile,2,positive,NA,NA,NA,NA,joy,NA,positive,NA,surprise,trust
smiling,2,positive,NA,NA,NA,NA,joy,NA,positive,NA,NA,NA
solid,2,positive,NA,NA,NA,NA,NA,NA,positive,NA,NA,NA
solidarity,2,positive,NA,NA,NA,NA,NA,NA,NA,NA,NA,trust
somber,-2,negative,NA,NA,NA,NA,NA,negative,NA,sadness,NA,NA
soothe,3,positive,NA,NA,NA,NA,NA,NA,positive,NA,NA,NA
sore,-1,negative,anger,NA,NA,NA,NA,negative,NA,sadness,NA,NA
sorrow,-2,negative,NA,NA,NA,fear,NA,negative,NA,sadness,NA,NA
sorrowful,-2,negative,NA,NA,NA,NA,NA,negative,NA,sadness,NA,NA
sparkle,3,positive,NA,anticipation,NA,NA,joy,NA,positive,NA,surprise,NA
spiteful,-2,negative,anger,NA,NA,NA,NA,negative,NA,NA,NA,NA
splendid,3,positive,NA,NA,NA,NA,joy,NA,positive,NA,surprise,NA
stab,-2,negative,anger,NA,NA,fear,NA,negative,NA,sadness,surprise,NA
stable,2,positive,NA,NA,NA,NA,NA,NA,positive,NA,NA,trust
stall,-2,negative,NA,NA,disgust,NA,NA,NA,NA,NA,NA,NA
steadfast,2,positive,NA,NA,NA,NA,NA,NA,positive,NA,NA,trust
steal,-2,negative,anger,NA,NA,fear,NA,negative,NA,sadness,NA,NA
stereotype,-2,negative,NA,NA,NA,NA,NA,negative,NA,NA,NA,NA
stingy,-2,negative,anger,NA,disgust,fear,NA,negative,NA,sadness,NA,NA
stolen,-2,negative,anger,NA,NA,NA,NA,negative,NA,NA,NA,NA
stricken,-2,negative,NA,NA,NA,NA,NA,NA,NA,sadness,NA,NA
strike,-1,negative,anger,NA,NA,NA,NA,negative,NA,NA,NA,NA
struggle,-2,negative,anger,NA,NA,fear,NA,negative,NA,sadness,NA,NA
stunned,-2,positive,NA,NA,NA,fear,NA,negative,NA,NA,surprise,NA
stupid,-2,negative,NA,NA,NA,NA,NA,negative,NA,NA,NA,NA
subversive,-2,negative,anger,NA,NA,NA,NA,negative,NA,NA,surprise,NA
success,2,positive,NA,anticipation,NA,NA,joy,NA,positive,NA,NA,NA
successful,3,positive,NA,anticipation,NA,NA,joy,NA,positive,NA,NA,trust
suck,-3,negative,NA,NA,NA,NA,NA,negative,NA,NA,NA,NA
suffer,-2,negative,NA,NA,NA,NA,NA,negative,NA,NA,NA,NA
suffering,-2,negative,NA,NA,disgust,fear,NA,negative,NA,sadness,NA,NA
suicidal,-2,negative,anger,NA,disgust,fear,NA,negative,NA,sadness,NA,NA
suicide,-2,negative,anger,NA,NA,fear,NA,negative,NA,sadness,NA,NA
sullen,-2,negative,anger,NA,NA,NA,NA,negative,NA,sadness,NA,NA
superb,5,positive,NA,NA,NA,NA,NA,NA,positive,NA,NA,NA
superior,2,positive,NA,NA,NA,NA,NA,NA,positive,NA,NA,NA
supported,2,positive,NA,NA,NA,NA,NA,NA,positive,NA,NA,NA
supporter,1,positive,NA,NA,NA,NA,joy,NA,positive,NA,NA,trust
supporting,1,positive,NA,NA,NA,NA,NA,NA,positive,NA,NA,trust
suspect,-1,negative,NA,NA,NA,fear,NA,negative,NA,NA,NA,NA
suspicious,-2,negative,anger,anticipation,NA,NA,NA,negative,NA,NA,NA,NA
sweet,2,positive,NA,anticipation,NA,NA,joy,NA,positive,NA,surprise,trust
swift,2,positive,NA,NA,NA,NA,NA,NA,positive,NA,NA,NA
tender,2,positive,NA,NA,NA,NA,joy,NA,positive,NA,NA,trust
tension,-1,negative,anger,NA,NA,NA,NA,NA,NA,NA,NA,NA
terrible,-3,negative,anger,NA,disgust,fear,NA,negative,NA,sadness,NA,NA
terribly,-3,negative,NA,NA,NA,NA,NA,NA,NA,sadness,NA,NA
terrific,4,positive,NA,NA,NA,NA,NA,NA,NA,sadness,NA,NA
terror,-3,negative,NA,NA,NA,fear,NA,negative,NA,NA,NA,NA
terrorize,-3,negative,anger,NA,NA,fear,NA,negative,NA,sadness,NA,NA
thankful,2,positive,NA,NA,NA,NA,joy,NA,positive,NA,NA,NA
thorny,-2,negative,NA,NA,NA,fear,NA,negative,NA,NA,NA,NA
thoughtful,2,positive,NA,NA,NA,NA,NA,NA,positive,NA,NA,trust
thoughtless,-2,negative,anger,NA,disgust,NA,NA,negative,NA,NA,NA,NA
threat,-2,negative,anger,NA,NA,fear,NA,negative,NA,NA,NA,NA
threaten,-2,negative,anger,anticipation,NA,fear,NA,negative,NA,NA,NA,NA
threatening,-2,negative,anger,NA,disgust,fear,NA,negative,NA,NA,NA,NA
thwart,-2,negative,NA,NA,NA,NA,NA,negative,NA,NA,surprise,NA
timid,-2,negative,NA,NA,NA,fear,NA,negative,NA,sadness,NA,NA
tired,-2,negative,NA,NA,NA,NA,NA,negative,NA,NA,NA,NA
top,2,positive,NA,anticipation,NA,NA,NA,NA,positive,NA,NA,trust
torture,-4,negative,anger,anticipation,disgust,fear,NA,negative,NA,sadness,NA,NA
tragedy,-2,negative,NA,NA,NA,fear,NA,negative,NA,sadness,NA,NA
tragic,-2,negative,NA,NA,NA,NA,NA,negative,NA,NA,NA,NA
tranquil,2,positive,NA,NA,NA,NA,joy,NA,positive,NA,NA,NA
traumatic,-3,negative,anger,NA,NA,fear,NA,negative,NA,sadness,NA,NA
travesty,-2,negative,NA,NA,disgust,fear,NA,negative,NA,sadness,NA,NA
treason,-3,negative,anger,NA,disgust,fear,NA,negative,NA,NA,surprise,NA
treasure,2,positive,NA,anticipation,NA,NA,joy,NA,positive,NA,NA,trust
trickery,-2,negative,anger,NA,disgust,fear,NA,negative,NA,sadness,surprise,NA
triumph,4,positive,NA,anticipation,NA,NA,joy,NA,positive,NA,NA,NA
triumphant,4,positive,NA,anticipation,NA,NA,joy,NA,positive,NA,NA,trust
trust,1,positive,NA,NA,NA,NA,NA,NA,NA,NA,NA,trust
ugly,-3,negative,NA,NA,disgust,NA,NA,negative,NA,NA,NA,NA
unacceptable,-2,negative,NA,NA,NA,NA,NA,negative,NA,sadness,NA,NA
unbelievable,-1,negative,NA,NA,NA,NA,NA,negative,NA,NA,NA,NA
unbiased,2,positive,NA,NA,NA,NA,NA,NA,positive,NA,NA,NA
uncertain,-1,negative,anger,NA,disgust,fear,NA,negative,NA,NA,surprise,NA
uncomfortable,-2,negative,NA,NA,NA,NA,NA,negative,NA,NA,NA,NA
undecided,-1,negative,NA,anticipation,NA,fear,NA,negative,NA,NA,NA,NA
underestimate,-1,negative,NA,NA,NA,NA,NA,NA,NA,NA,surprise,NA
undermined,-2,negative,NA,NA,NA,NA,NA,negative,NA,NA,NA,NA
undesirable,-2,negative,anger,NA,disgust,fear,NA,negative,NA,sadness,NA,NA
uneasy,-2,negative,NA,NA,disgust,fear,NA,negative,NA,NA,NA,NA
unequal,-1,negative,anger,NA,disgust,fear,NA,negative,NA,sadness,NA,NA
unfulfilled,-2,negative,anger,anticipation,NA,NA,NA,negative,NA,sadness,surprise,NA
unhappy,-2,negative,anger,NA,disgust,NA,NA,negative,NA,sadness,NA,NA
unhealthy,-2,negative,NA,NA,disgust,fear,NA,negative,NA,sadness,NA,NA
unjust,-2,negative,anger,NA,NA,NA,NA,negative,NA,NA,NA,NA
unsettled,-1,negative,anger,NA,disgust,fear,NA,negative,NA,NA,NA,NA
unsophisticated,-2,negative,NA,NA,NA,NA,NA,negative,NA,NA,NA,NA
unstable,-2,negative,NA,NA,NA,fear,NA,negative,NA,NA,surprise,NA
unsupported,-2,negative,NA,NA,NA,NA,NA,negative,NA,NA,NA,NA
unworthy,-2,negative,NA,NA,disgust,NA,NA,negative,NA,NA,NA,NA
upset,-2,negative,anger,NA,NA,NA,NA,negative,NA,sadness,NA,NA
urgent,-1,negative,NA,anticipation,NA,fear,NA,negative,NA,NA,surprise,NA
useless,-2,negative,NA,NA,NA,NA,NA,negative,NA,NA,NA,NA
vague,-2,negative,NA,NA,NA,NA,NA,negative,NA,NA,NA,NA
vicious,-2,negative,anger,NA,disgust,NA,NA,negative,NA,NA,NA,NA
vigilant,3,positive,NA,NA,NA,fear,NA,NA,positive,NA,NA,trust
violent,-3,negative,anger,NA,disgust,fear,NA,negative,NA,NA,surprise,NA
virtuous,2,positive,NA,NA,NA,NA,joy,NA,positive,NA,NA,trust
visionary,3,positive,NA,anticipation,NA,NA,joy,NA,positive,NA,NA,trust
vivacious,3,positive,NA,NA,NA,NA,joy,NA,positive,NA,NA,NA
warned,-2,negative,NA,anticipation,NA,fear,NA,NA,NA,NA,surprise,NA
warning,-3,negative,NA,NA,NA,fear,NA,NA,NA,NA,NA,NA
waste,-1,negative,NA,NA,disgust,NA,NA,negative,NA,NA,NA,NA
wasted,-2,negative,anger,NA,disgust,NA,NA,negative,NA,NA,NA,NA
wasting,-2,negative,NA,NA,disgust,fear,NA,negative,NA,sadness,NA,NA
weakness,-2,negative,NA,NA,NA,NA,NA,negative,NA,NA,NA,NA
weary,-2,negative,NA,NA,NA,NA,NA,negative,NA,sadness,NA,NA
weep,-2,negative,NA,NA,NA,NA,NA,negative,NA,sadness,NA,NA
weird,-2,negative,NA,NA,disgust,NA,NA,negative,NA,NA,NA,NA
whore,-4,negative,NA,NA,disgust,NA,NA,negative,NA,NA,NA,NA
wicked,-2,negative,NA,NA,NA,fear,NA,negative,NA,NA,NA,NA
willingness,2,positive,NA,NA,NA,NA,NA,NA,positive,NA,NA,NA
winner,4,positive,NA,anticipation,NA,NA,joy,NA,positive,NA,surprise,NA
winning,4,positive,NA,anticipation,disgust,NA,joy,NA,positive,sadness,surprise,trust
woeful,-3,negative,NA,NA,NA,NA,NA,negative,NA,sadness,NA,NA
wonderful,4,positive,NA,NA,NA,NA,joy,NA,positive,NA,surprise,trust
worn,-1,negative,NA,NA,NA,NA,NA,negative,NA,sadness,NA,NA
worried,-3,negative,NA,NA,NA,NA,NA,negative,NA,sadness,NA,NA
worry,-3,negative,NA,anticipation,NA,fear,NA,negative,NA,sadness,NA,NA
worrying,-3,negative,NA,anticipation,NA,fear,NA,negative,NA,sadness,NA,NA
worse,-3,negative,NA,NA,NA,fear,NA,negative,NA,sadness,NA,NA
worsening,-3,negative,NA,NA,disgust,NA,NA,negative,NA,sadness,NA,NA
worth,2,positive,NA,NA,NA,NA,NA,NA,positive,NA,NA,NA
worthless,-2,negative,anger,NA,disgust,NA,NA,negative,NA,sadness,NA,NA
worthy,2,positive,NA,NA,NA,NA,NA,NA,positive,NA,NA,trust
wreck,-2,negative,anger,NA,disgust,fear,NA,negative,NA,sadness,surprise,NA
wrong,-2,negative,NA,NA,NA,NA,NA,negative,NA,NA,NA,NA
zealous,2,negative,NA,NA,NA,NA,joy,NA,positive,NA,NA,trust
